timestamp,rssi_pct,latency_ms,label
2026-05-09T19:47:05.845,82.0,1.0,0
2026-05-09T19:47:06.827,82.0,2.0,1
2026-05-09T19:47:07.327,82.0,1.0,1
2026-05-09T19:47:07.827,82.0,1.0,1
2026-05-09T19:47:08.328,82.0,1.0,1
2026-05-09T19:47:08.828,82.0,1.0,1
2026-05-09T19:47:09.328,82.0,1.0,1
2026-05-09T19:47:09.829,82.0,2.0,1
2026-05-09T19:47:10.329,82.0,1.0,1
2026-05-09T19:47:10.829,82.0,1.0,0
2026-05-09T19:47:11.330,82.0,2.0,0
2026-05-09T19:47:11.830,82.0,2.0,0
2026-05-09T19:47:12.331,82.0,3.0,0
2026-05-09T19:47:12.831,82.0,2.0,0
2026-05-09T19:47:13.331,82.0,2.0,0
2026-05-09T19:47:13.833,82.0,5.0,1
2026-05-09T19:47:14.333,82.0,2.0,0
2026-05-09T19:47:14.834,82.0,2.0,1
2026-05-09T19:47:15.334,82.0,2.0,1
2026-05-09T19:47:15.834,82.0,1.0,1
2026-05-09T19:47:16.335,82.0,2.0,1
2026-05-09T19:47:16.835,82.0,1.0,0
2026-05-09T19:47:17.336,82.0,1.0,0
2026-05-09T19:47:17.836,82.0,2.0,1
2026-05-09T19:47:18.337,82.0,1.0,1
2026-05-09T19:47:18.837,82.0,2.0,1
2026-05-09T19:47:19.337,82.0,2.0,1
2026-05-09T19:47:19.838,82.0,2.0,1
2026-05-09T19:47:20.338,82.0,1.0,1
2026-05-09T19:47:20.839,82.0,1.0,1
2026-05-09T19:47:21.339,82.0,2.0,1
2026-05-09T19:47:21.840,82.0,5.0,1
2026-05-09T19:47:22.340,82.0,1.0,1
2026-05-09T19:47:22.841,82.0,1.0,1
2026-05-09T19:47:23.341,82.0,2.0,1
2026-05-09T19:47:23.841,82.0,2.0,1
2026-05-09T19:47:24.342,82.0,2.0,1
2026-05-09T19:47:24.842,82.0,2.0,1
2026-05-09T19:47:25.343,82.0,2.0,1
2026-05-09T19:47:25.843,82.0,1.0,1
2026-05-09T19:47:26.344,82.0,1.0,1
2026-05-09T19:47:26.844,82.0,6.0,1
2026-05-09T19:47:27.344,82.0,2.0,1
2026-05-09T19:47:27.845,82.0,2.0,1
2026-05-09T19:47:28.345,82.0,2.0,1
2026-05-09T19:47:28.845,82.0,1.0,1
2026-05-09T19:47:29.345,82.0,2.0,1
2026-05-09T19:47:29.846,82.0,2.0,1
2026-05-09T19:47:30.347,82.0,2.0,1
2026-05-09T19:47:30.847,82.0,2.0,1
2026-05-09T19:47:31.347,82.0,1.0,1
2026-05-09T19:47:31.848,82.0,1.0,1
2026-05-09T19:47:32.348,82.0,1.0,1
2026-05-09T19:47:32.849,82.0,1.0,1
2026-05-09T19:47:33.349,82.0,2.0,1
2026-05-09T19:47:33.850,82.0,2.0,1
2026-05-09T19:47:34.350,82.0,1.0,1
2026-05-09T19:47:34.850,82.0,1.0,1
2026-05-09T19:47:35.351,82.0,1.0,1
2026-05-09T19:47:35.851,82.0,1.0,1
2026-05-09T19:47:36.352,82.0,1.0,1
2026-05-09T19:47:36.852,82.0,1.0,1
2026-05-09T19:47:37.353,82.0,1.0,1
2026-05-09T19:47:37.853,82.0,2.0,1
2026-05-09T19:47:38.354,82.0,1.0,1
2026-05-09T19:47:38.855,82.0,1.0,1
2026-05-09T19:47:39.355,82.0,1.0,1
2026-05-09T19:47:39.855,82.0,1.0,1
2026-05-09T19:47:40.356,82.0,1.0,1
2026-05-09T19:47:40.856,82.0,2.0,1
2026-05-09T19:47:41.357,82.0,1.0,1
2026-05-09T19:47:41.857,82.0,1.0,1
2026-05-09T19:47:42.357,82.0,6.0,1
2026-05-09T19:47:42.857,82.0,1.0,1
2026-05-09T19:47:43.358,82.0,1.0,1
2026-05-09T19:47:43.858,82.0,2.0,1
2026-05-09T19:47:44.358,82.0,2.0,1
2026-05-09T19:47:44.859,82.0,1.0,1
2026-05-09T19:47:45.359,82.0,2.0,1
2026-05-09T19:47:45.859,82.0,1.0,1
2026-05-09T19:47:46.359,82.0,1.0,1
2026-05-09T19:47:46.860,82.0,1.0,1
2026-05-09T19:47:47.360,82.0,2.0,1
2026-05-09T19:47:47.861,82.0,6.0,1
2026-05-09T19:47:48.361,82.0,1.0,1
2026-05-09T19:47:48.862,82.0,1.0,1
2026-05-09T19:47:49.362,82.0,1.0,1
2026-05-09T19:47:49.863,82.0,1.0,1
2026-05-09T19:47:50.363,82.0,1.0,1
2026-05-09T19:47:50.864,82.0,2.0,1
2026-05-09T19:47:51.364,82.0,1.0,1
2026-05-09T19:47:51.864,82.0,3.0,1
2026-05-09T19:47:52.365,82.0,2.0,1
2026-05-09T19:47:52.865,82.0,2.0,1
2026-05-09T19:47:53.365,82.0,1.0,1
2026-05-09T19:47:53.865,82.0,1.0,1
2026-05-09T19:47:54.366,82.0,2.0,1
2026-05-09T19:47:54.867,82.0,1.0,1
2026-05-09T19:47:55.368,82.0,1.0,1
2026-05-09T19:47:55.868,82.0,1.0,1
2026-05-09T19:47:56.369,82.0,2.0,1
2026-05-09T19:47:56.869,82.0,1.0,1
2026-05-09T19:47:57.369,82.0,1.0,1
2026-05-09T19:47:57.870,82.0,1.0,1
2026-05-09T19:47:58.370,82.0,1.0,1
2026-05-09T19:47:58.871,82.0,1.0,0
2026-05-09T19:47:59.371,82.0,5.0,1
2026-05-09T19:47:59.871,82.0,2.0,1
2026-05-09T19:48:00.372,82.0,1.0,1
2026-05-09T19:48:00.872,82.0,1.0,1
2026-05-09T19:48:01.373,82.0,1.0,1
2026-05-09T19:48:01.873,82.0,2.0,1
2026-05-09T19:48:02.373,82.0,1.0,1
2026-05-09T19:48:02.874,82.0,2.0,1
2026-05-09T19:48:03.375,82.0,1.0,1
2026-05-09T19:48:03.875,82.0,2.0,1
2026-05-09T19:48:04.376,82.0,1.0,1
2026-05-09T19:48:04.876,82.0,1.0,1
2026-05-09T19:48:05.376,82.0,2.0,1
2026-05-09T19:48:05.877,82.0,1.0,1
2026-05-09T19:48:06.377,82.0,1.0,1
2026-05-09T19:48:06.878,82.0,2.0,1
2026-05-09T19:48:07.378,82.0,2.0,1
2026-05-09T19:48:07.879,82.0,2.0,1
2026-05-09T19:48:08.379,82.0,6.0,1
2026-05-09T19:48:08.879,82.0,1.0,1
2026-05-09T19:48:09.380,82.0,2.0,1
2026-05-09T19:48:09.880,82.0,1.0,1
2026-05-09T19:48:10.380,82.0,4.0,1
2026-05-09T19:48:10.881,82.0,1.0,1
2026-05-09T19:48:11.382,82.0,4.0,1
2026-05-09T19:48:11.882,82.0,2.0,1
2026-05-09T19:48:12.383,82.0,1.0,1
2026-05-09T19:48:12.883,82.0,1.0,1
2026-05-09T19:48:13.384,82.0,2.0,1
2026-05-09T19:48:13.884,82.0,1.0,1
2026-05-09T19:48:14.384,82.0,2.0,1
2026-05-09T19:48:14.885,82.0,4.0,1
2026-05-09T19:48:15.385,82.0,1.0,1
2026-05-09T19:48:15.885,82.0,1.0,1
2026-05-09T19:48:16.386,82.0,1.0,1
2026-05-09T19:48:16.886,82.0,2.0,1
2026-05-09T19:48:17.387,82.0,1.0,1
2026-05-09T19:48:17.887,82.0,3.0,1
2026-05-09T19:48:18.387,82.0,2.0,1
2026-05-09T19:48:18.888,82.0,2.0,1
2026-05-09T19:48:19.388,82.0,1.0,1
2026-05-09T19:48:19.889,82.0,2.0,1
2026-05-09T19:48:20.389,82.0,5.0,1
2026-05-09T19:48:20.889,82.0,1.0,1
2026-05-09T19:48:21.390,82.0,1.0,1
2026-05-09T19:48:21.890,82.0,3.0,1
2026-05-09T19:48:22.390,82.0,1.0,1
2026-05-09T19:48:22.891,82.0,2.0,1
2026-05-09T19:48:23.391,82.0,1.0,1
2026-05-09T19:48:23.892,82.0,1.0,1
2026-05-09T19:48:24.392,82.0,2.0,1
2026-05-09T19:48:24.893,82.0,11.0,0
2026-05-09T19:48:25.393,82.0,1.0,0
2026-05-09T19:48:25.893,82.0,1.0,1
2026-05-09T19:48:26.394,82.0,1.0,0
2026-05-09T19:48:26.894,82.0,1.0,1
2026-05-09T19:48:27.395,82.0,7.0,1
2026-05-09T19:48:27.895,82.0,1.0,1
2026-05-09T19:48:28.396,82.0,1.0,0
2026-05-09T19:48:28.896,82.0,1.0,1
2026-05-09T19:48:29.396,82.0,1.0,1
2026-05-09T19:48:29.897,82.0,1.0,1
2026-05-09T19:48:30.397,82.0,1.0,1
2026-05-09T19:48:30.897,82.0,1.0,1
2026-05-09T19:48:31.397,82.0,2.0,1
2026-05-09T19:48:31.898,82.0,29.0,1
2026-05-09T19:48:32.398,82.0,1.0,1
2026-05-09T19:48:32.899,82.0,6.0,1
2026-05-09T19:48:33.399,82.0,2.0,1
2026-05-09T19:48:33.899,82.0,2.0,0
2026-05-09T19:48:34.400,82.0,2.0,1
2026-05-09T19:48:34.900,82.0,1.0,1
2026-05-09T19:48:35.400,82.0,2.0,0
2026-05-09T19:48:35.900,82.0,1.0,0
2026-05-09T19:48:36.401,82.0,2.0,1
2026-05-09T19:48:36.901,82.0,2.0,1
2026-05-09T19:48:37.402,82.0,1.0,1
2026-05-09T19:48:37.902,82.0,2.0,1
2026-05-09T19:48:38.402,82.0,1.0,1
2026-05-09T19:48:38.903,82.0,1.0,1
2026-05-09T19:48:39.403,82.0,3.0,1
2026-05-09T19:48:39.904,82.0,1.0,1
2026-05-09T19:48:40.404,82.0,1.0,1
2026-05-09T19:48:40.905,82.0,1.0,1
2026-05-09T19:48:41.405,82.0,1.0,0
2026-05-09T19:48:41.905,82.0,1.0,1
2026-05-09T19:48:42.406,82.0,1.0,1
2026-05-09T19:48:42.907,82.0,3.0,0
2026-05-09T19:48:43.407,82.0,2.0,1
2026-05-09T19:48:43.907,82.0,2.0,1
2026-05-09T19:48:44.407,82.0,1.0,1
2026-05-09T19:48:44.908,82.0,1.0,1
2026-05-09T19:48:45.408,82.0,1.0,1
2026-05-09T19:48:45.908,82.0,2.0,1
2026-05-09T19:48:46.409,82.0,3.0,1
2026-05-09T19:48:46.909,82.0,1.0,1
2026-05-09T19:48:47.410,82.0,1.0,1
2026-05-09T19:48:47.910,82.0,2.0,1
2026-05-09T19:48:48.410,82.0,1.0,1
2026-05-09T19:48:48.911,82.0,1.0,1
2026-05-09T19:48:49.412,82.0,1.0,1
2026-05-09T19:48:49.912,82.0,3.0,1
2026-05-09T19:48:50.413,82.0,1.0,1
2026-05-09T19:48:50.913,82.0,1.0,1
2026-05-09T19:48:51.413,82.0,1.0,1
2026-05-09T19:48:51.914,82.0,2.0,1
2026-05-09T19:48:52.414,82.0,2.0,1
2026-05-09T19:48:52.915,82.0,2.0,0
2026-05-09T19:48:53.415,82.0,14.0,0
2026-05-09T19:48:53.916,82.0,2.0,0
2026-05-09T19:48:54.416,82.0,2.0,1
2026-05-09T19:48:54.917,82.0,4.0,1
2026-05-09T19:48:55.417,82.0,1.0,0
2026-05-09T19:48:55.918,82.0,1.0,1
2026-05-09T19:48:56.418,82.0,2.0,1
2026-05-09T19:48:56.918,82.0,3.0,1
2026-05-09T19:48:57.419,82.0,2.0,0
2026-05-09T19:48:57.919,82.0,1.0,1
2026-05-09T19:48:58.420,82.0,1.0,1
2026-05-09T19:48:58.920,82.0,2.0,1
2026-05-09T19:48:59.420,82.0,3.0,1
2026-05-09T19:48:59.921,82.0,1.0,1
2026-05-09T19:49:00.421,82.0,2.0,1
2026-05-09T19:49:00.921,82.0,1.0,1
2026-05-09T19:49:01.422,82.0,1.0,1
2026-05-09T19:49:01.922,82.0,1.0,1
2026-05-09T19:49:02.423,82.0,1.0,1
2026-05-09T19:49:02.923,82.0,1.0,1
2026-05-09T19:49:03.424,82.0,1.0,1
2026-05-09T19:49:03.924,82.0,1.0,1
2026-05-09T19:49:04.424,82.0,2.0,1
2026-05-09T19:49:04.925,82.0,2.0,1
2026-05-09T19:49:05.425,82.0,2.0,1
2026-05-09T19:49:05.925,82.0,1.0,1
2026-05-09T19:49:06.426,82.0,2.0,1
2026-05-09T19:49:06.926,82.0,2.0,1
2026-05-09T19:49:07.426,82.0,2.0,1
2026-05-09T19:49:07.927,82.0,2.0,1
2026-05-09T19:49:08.427,82.0,2.0,1
2026-05-09T19:49:08.927,82.0,3.0,1
2026-05-09T19:49:09.428,82.0,2.0,1
2026-05-09T19:49:09.929,82.0,3.0,1
2026-05-09T19:49:10.429,82.0,3.0,1
2026-05-09T19:49:10.930,82.0,1.0,1
2026-05-09T19:49:11.430,82.0,8.0,1
2026-05-09T19:49:11.930,82.0,2.0,1
2026-05-09T19:49:12.431,82.0,1.0,1
2026-05-09T19:49:12.931,82.0,1.0,1
2026-05-09T19:49:13.432,82.0,3.0,1
2026-05-09T19:49:13.932,82.0,1.0,1
2026-05-09T19:49:14.433,82.0,1.0,1
2026-05-09T19:49:14.933,82.0,2.0,1
2026-05-09T19:49:15.433,82.0,4.0,0
2026-05-09T19:49:15.934,82.0,4.0,1
2026-05-09T19:49:16.434,82.0,2.0,1
2026-05-09T19:49:16.934,82.0,2.0,1
2026-05-09T19:49:17.435,82.0,2.0,1
2026-05-09T19:49:17.935,82.0,2.0,1
2026-05-09T19:49:18.435,82.0,2.0,1
2026-05-09T19:49:18.936,82.0,1.0,1
2026-05-09T19:49:19.436,82.0,1.0,1
2026-05-09T19:49:19.937,82.0,1.0,1
2026-05-09T19:49:20.437,82.0,3.0,1
2026-05-09T19:49:20.938,82.0,1.0,1
2026-05-09T19:49:21.439,82.0,1.0,1
2026-05-09T19:49:21.939,82.0,1.0,1
2026-05-09T19:49:22.440,82.0,1.0,1
2026-05-09T19:49:22.940,82.0,2.0,1
2026-05-09T19:49:23.440,82.0,1.0,1
2026-05-09T19:49:23.941,82.0,1.0,1
2026-05-09T19:49:24.441,82.0,1.0,1
2026-05-09T19:49:24.941,82.0,2.0,1
2026-05-09T19:49:25.442,82.0,1.0,1
2026-05-09T19:49:25.942,82.0,1.0,0
2026-05-09T19:49:26.443,82.0,1.0,1
2026-05-09T19:49:26.943,82.0,1.0,1
2026-05-09T19:49:27.444,82.0,1.0,1
2026-05-09T19:49:27.944,82.0,1.0,1
2026-05-09T19:49:28.445,82.0,2.0,1
2026-05-09T19:49:28.945,82.0,1.0,1
2026-05-09T19:49:29.445,82.0,1.0,1
2026-05-09T19:49:29.946,82.0,2.0,1
2026-05-09T19:49:30.446,82.0,1.0,1
2026-05-09T19:49:30.947,82.0,1.0,1
2026-05-09T19:49:31.447,82.0,1.0,1
2026-05-09T19:49:31.947,82.0,2.0,1
2026-05-09T19:49:32.448,82.0,2.0,1
2026-05-09T19:49:32.948,82.0,2.0,1
2026-05-09T19:49:33.448,82.0,1.0,1
2026-05-09T19:49:33.949,82.0,1.0,1
2026-05-09T19:49:34.449,82.0,1.0,1
2026-05-09T19:49:34.950,82.0,1.0,1
2026-05-09T19:49:35.451,82.0,1.0,0
2026-05-09T19:49:35.951,82.0,3.0,0
2026-05-09T19:49:36.452,82.0,1.0,0
2026-05-09T19:49:36.952,82.0,3.0,0
2026-05-09T19:49:37.452,82.0,3.0,0
2026-05-09T19:49:37.953,82.0,2.0,0
2026-05-09T19:49:38.453,82.0,1.0,0
2026-05-09T19:49:38.953,82.0,2.0,0
2026-05-09T19:49:39.454,82.0,2.0,0
2026-05-09T19:49:39.954,82.0,1.0,0
2026-05-09T19:49:40.454,82.0,4.0,1
2026-05-09T19:49:40.955,82.0,2.0,1
2026-05-09T19:49:41.455,82.0,2.0,1
2026-05-09T19:49:41.955,82.0,2.0,1
2026-05-09T19:49:42.455,82.0,1.0,1
2026-05-09T19:49:42.956,82.0,1.0,0
2026-05-09T19:49:43.456,82.0,2.0,0
2026-05-09T19:49:43.956,82.0,2.0,0
2026-05-09T19:49:44.456,82.0,1.0,0
2026-05-09T19:49:44.957,82.0,1.0,0
2026-05-09T19:49:45.457,82.0,2.0,0
2026-05-09T19:49:45.958,82.0,2.0,1
2026-05-09T19:49:46.458,82.0,5.0,1
2026-05-09T19:49:46.958,82.0,2.0,1
2026-05-09T19:49:47.459,82.0,1.0,1
2026-05-09T19:49:47.960,82.0,1.0,1
2026-05-09T19:49:48.460,82.0,1.0,1
2026-05-09T19:49:48.960,82.0,1.0,1
2026-05-09T19:49:49.461,82.0,1.0,1
2026-05-09T19:49:49.961,82.0,1.0,1
2026-05-09T19:49:50.461,82.0,1.0,1
2026-05-09T19:49:50.962,82.0,3.0,0
2026-05-09T19:49:51.462,82.0,2.0,1
2026-05-09T19:49:51.962,82.0,1.0,0
2026-05-09T19:49:52.463,82.0,1.0,1
2026-05-09T19:49:52.964,82.0,1.0,1
2026-05-09T19:49:53.465,82.0,14.0,1
2026-05-09T19:49:53.965,82.0,1.0,1
2026-05-09T19:49:54.466,82.0,2.0,1
2026-05-09T19:49:54.966,82.0,2.0,1
2026-05-09T19:49:55.466,82.0,2.0,0
2026-05-09T19:49:55.967,82.0,1.0,0
2026-05-09T19:49:56.467,82.0,2.0,0
2026-05-09T19:49:56.967,82.0,2.0,0
2026-05-09T19:49:57.468,82.0,2.0,0
2026-05-09T19:49:57.968,82.0,2.0,0
2026-05-09T19:49:58.469,82.0,2.0,0
2026-05-09T19:49:58.969,82.0,2.0,0
2026-05-09T19:49:59.469,82.0,2.0,0
2026-05-09T19:49:59.970,82.0,1.0,0
2026-05-09T19:50:00.471,82.0,3.0,0
2026-05-09T19:50:00.972,82.0,2.0,0
2026-05-09T19:50:01.472,82.0,1.0,0
2026-05-09T19:50:01.972,82.0,1.0,0
2026-05-09T19:50:02.473,82.0,1.0,0
2026-05-09T19:50:02.973,82.0,2.0,0
2026-05-09T19:50:03.473,82.0,15.0,0
2026-05-09T19:50:03.974,82.0,1.0,0
2026-05-09T19:50:04.474,82.0,4.0,0
2026-05-09T19:50:04.974,82.0,1.0,0
2026-05-09T19:50:05.475,82.0,1.0,0
2026-05-09T19:50:05.975,82.0,6.0,0
2026-05-09T19:50:06.476,82.0,2.0,0
2026-05-09T19:50:06.976,82.0,1.0,0
2026-05-09T19:50:07.476,82.0,2.0,0
2026-05-09T19:50:07.976,82.0,2.0,0
2026-05-09T19:50:08.476,82.0,1.0,0
2026-05-09T19:50:08.977,82.0,2.0,0
2026-05-09T19:50:09.477,82.0,2.0,0
2026-05-09T19:50:09.978,82.0,2.0,0
2026-05-09T19:50:10.479,82.0,1.0,0
2026-05-09T19:50:10.979,82.0,1.0,0
2026-05-09T19:50:11.479,82.0,5.0,0
2026-05-09T19:50:11.980,82.0,1.0,0
2026-05-09T19:50:12.480,82.0,2.0,0
2026-05-09T19:50:12.981,82.0,2.0,0
2026-05-09T19:50:13.481,82.0,2.0,0
2026-05-09T19:50:13.981,82.0,1.0,0
2026-05-09T19:50:14.482,82.0,2.0,0
2026-05-09T19:50:14.982,82.0,2.0,0
2026-05-09T19:50:15.483,82.0,2.0,0
2026-05-09T19:50:15.983,82.0,2.0,0
2026-05-09T19:50:16.483,82.0,2.0,0
2026-05-09T19:50:16.984,82.0,2.0,0
2026-05-09T19:50:17.484,82.0,2.0,0
2026-05-09T19:50:17.985,82.0,1.0,0
2026-05-09T19:50:18.485,82.0,3.0,0
2026-05-09T19:50:18.986,82.0,1.0,0
2026-05-09T19:50:19.486,82.0,1.0,0
2026-05-09T19:50:19.986,82.0,2.0,0
2026-05-09T19:50:20.486,82.0,2.0,0
2026-05-09T19:50:20.987,82.0,1.0,0
2026-05-09T19:50:21.487,82.0,2.0,0
2026-05-09T19:50:21.988,82.0,1.0,0
2026-05-09T19:50:22.488,82.0,1.0,0
2026-05-09T19:50:22.988,82.0,2.0,0
2026-05-09T19:50:23.489,82.0,2.0,0
2026-05-09T19:50:23.989,82.0,1.0,0
2026-05-09T19:50:24.490,82.0,1.0,0
2026-05-09T19:50:24.990,82.0,2.0,0
2026-05-09T19:50:25.490,82.0,2.0,0
2026-05-09T19:50:25.991,82.0,2.0,0
2026-05-09T19:50:26.492,82.0,2.0,0
2026-05-09T19:50:26.992,82.0,2.0,0
2026-05-09T19:50:27.492,82.0,2.0,0
2026-05-09T19:50:27.993,82.0,2.0,0
2026-05-09T19:50:28.493,82.0,2.0,0
2026-05-09T19:50:28.994,82.0,2.0,0
2026-05-09T19:50:29.494,82.0,2.0,0
2026-05-09T19:50:29.994,82.0,2.0,0
2026-05-09T19:50:30.494,82.0,1.0,0
2026-05-09T19:50:30.995,82.0,2.0,0
2026-05-09T19:50:31.495,82.0,5.0,0
2026-05-09T19:50:31.996,82.0,2.0,0
2026-05-09T19:50:32.496,82.0,2.0,0
2026-05-09T19:50:32.996,82.0,3.0,0
2026-05-09T19:50:33.497,82.0,2.0,0
2026-05-09T19:50:33.997,82.0,1.0,0
2026-05-09T19:50:34.497,82.0,12.0,0
2026-05-09T19:50:34.997,82.0,2.0,0
2026-05-09T19:50:35.498,82.0,2.0,0
2026-05-09T19:50:35.999,82.0,16.0,0
2026-05-09T19:50:36.499,82.0,2.0,0
2026-05-09T19:50:36.999,82.0,2.0,0
2026-05-09T19:50:37.500,82.0,2.0,0
2026-05-09T19:50:38.000,82.0,1.0,0
2026-05-09T19:50:38.501,82.0,1.0,0
2026-05-09T19:50:39.001,82.0,2.0,0
2026-05-09T19:50:39.501,82.0,2.0,0
2026-05-09T19:50:40.002,82.0,2.0,0
2026-05-09T19:50:40.502,82.0,2.0,0
2026-05-09T19:50:41.002,82.0,1.0,1
2026-05-09T19:50:41.503,82.0,1.0,0
2026-05-09T19:50:42.003,82.0,1.0,0
2026-05-09T19:50:42.503,82.0,2.0,0
2026-05-09T19:50:43.004,82.0,1.0,0
2026-05-09T19:50:43.504,82.0,1.0,0
2026-05-09T19:50:44.004,82.0,35.0,0
2026-05-09T19:50:44.505,82.0,1.0,0
2026-05-09T19:50:45.005,82.0,1.0,0
2026-05-09T19:50:45.506,82.0,1.0,0
2026-05-09T19:50:46.006,82.0,2.0,0
2026-05-09T19:50:46.507,82.0,1.0,0
2026-05-09T19:50:47.007,82.0,2.0,0
2026-05-09T19:50:47.507,82.0,3.0,0
2026-05-09T19:50:48.008,82.0,3.0,0
2026-05-09T19:50:48.508,82.0,1.0,0
2026-05-09T19:50:49.008,82.0,5.0,0
2026-05-09T19:50:49.509,82.0,2.0,0
2026-05-09T19:50:50.009,82.0,1.0,0
2026-05-09T19:50:50.510,82.0,1.0,0
2026-05-09T19:50:51.010,82.0,2.0,0
2026-05-09T19:50:51.511,82.0,1.0,0
2026-05-09T19:50:52.011,82.0,5.0,0
2026-05-09T19:50:52.512,82.0,1.0,0
2026-05-09T19:50:53.012,82.0,1.0,0
2026-05-09T19:50:53.513,82.0,2.0,0
2026-05-09T19:50:54.013,82.0,2.0,0
2026-05-09T19:50:54.514,82.0,3.0,1
2026-05-09T19:50:55.014,82.0,1.0,0
2026-05-09T19:50:55.514,82.0,1.0,0
2026-05-09T19:50:56.015,82.0,1.0,0
2026-05-09T19:50:56.515,82.0,2.0,0
2026-05-09T19:50:57.016,82.0,3.0,0
2026-05-09T19:50:57.516,82.0,2.0,0
2026-05-09T19:50:58.017,82.0,2.0,0
2026-05-09T19:50:58.517,82.0,1.0,0
2026-05-09T19:50:59.017,82.0,2.0,0
2026-05-09T19:50:59.518,82.0,2.0,0
2026-05-09T19:51:00.018,82.0,1.0,0
2026-05-09T19:51:00.519,82.0,1.0,0
2026-05-09T19:51:01.020,82.0,2.0,0
2026-05-09T19:51:01.520,82.0,2.0,0
2026-05-09T19:51:02.021,82.0,1.0,0
2026-05-09T19:51:02.521,82.0,2.0,0
2026-05-09T19:51:03.021,82.0,1.0,0
2026-05-09T19:51:03.522,82.0,1.0,0
2026-05-09T19:51:04.022,82.0,2.0,0
2026-05-09T19:51:04.522,82.0,1.0,0
2026-05-09T19:51:05.023,82.0,1.0,0
2026-05-09T19:51:05.523,82.0,2.0,0
2026-05-09T19:51:06.024,82.0,2.0,0
2026-05-09T19:51:06.524,82.0,2.0,0
2026-05-09T19:51:07.025,82.0,1.0,0
2026-05-09T19:51:07.525,82.0,2.0,0
2026-05-09T19:51:08.025,82.0,2.0,0
2026-05-09T19:51:08.525,82.0,1.0,0
2026-05-09T19:51:09.026,82.0,2.0,0
2026-05-09T19:51:09.526,82.0,2.0,0
2026-05-09T19:51:10.027,82.0,2.0,0
2026-05-09T19:51:10.527,82.0,1.0,0
2026-05-09T19:51:11.027,82.0,2.0,0
2026-05-09T19:51:11.528,82.0,2.0,0
2026-05-09T19:51:12.028,82.0,2.0,0
2026-05-09T19:51:12.529,82.0,1.0,0
2026-05-09T19:51:13.029,82.0,2.0,0
2026-05-09T19:51:13.529,82.0,1.0,0
2026-05-09T19:51:14.030,82.0,17.0,0
2026-05-09T19:51:14.531,82.0,2.0,0
2026-05-09T19:51:15.031,82.0,1.0,0
2026-05-09T19:51:15.531,82.0,2.0,0
2026-05-09T19:51:16.031,82.0,2.0,0
2026-05-09T19:51:16.532,82.0,1.0,0
2026-05-09T19:51:17.033,82.0,2.0,0
2026-05-09T19:51:17.533,82.0,1.0,0
2026-05-09T19:51:18.034,82.0,1.0,0
2026-05-09T19:51:18.534,82.0,2.0,0
2026-05-09T19:51:19.034,82.0,2.0,0
2026-05-09T19:51:19.534,82.0,3.0,0
2026-05-09T19:51:20.035,82.0,1.0,0
2026-05-09T19:51:20.535,82.0,1.0,0
2026-05-09T19:51:21.036,82.0,1.0,0
2026-05-09T19:51:21.536,82.0,1.0,0
2026-05-09T19:51:22.036,82.0,1.0,0
2026-05-09T19:51:22.537,82.0,1.0,0
2026-05-09T19:51:23.037,82.0,2.0,0
2026-05-09T19:51:23.537,82.0,1.0,0
2026-05-09T19:51:24.038,82.0,1.0,0
2026-05-09T19:51:24.538,82.0,5.0,0
2026-05-09T19:51:25.038,82.0,2.0,0
2026-05-09T19:51:25.538,82.0,2.0,0
2026-05-09T19:51:26.039,82.0,1.0,0
2026-05-09T19:51:26.540,82.0,2.0,0
2026-05-09T19:51:27.040,82.0,2.0,0
2026-05-09T19:51:27.541,82.0,2.0,0
2026-05-09T19:51:28.041,82.0,3.0,0
2026-05-09T19:51:28.542,82.0,2.0,0
2026-05-09T19:51:29.042,82.0,2.0,0
2026-05-09T19:51:29.543,82.0,1.0,0
2026-05-09T19:51:30.043,82.0,2.0,0
2026-05-09T19:51:30.543,82.0,1.0,0
2026-05-09T19:51:31.044,82.0,2.0,0
2026-05-09T19:51:31.544,82.0,1.0,0
2026-05-09T19:51:32.045,82.0,1.0,0
2026-05-09T19:51:32.545,82.0,2.0,0
2026-05-09T19:51:33.045,82.0,1.0,0
2026-05-09T19:51:33.546,82.0,1.0,0
2026-05-09T19:51:34.047,82.0,2.0,0
2026-05-09T19:51:34.547,82.0,1.0,0
2026-05-09T19:51:35.048,82.0,2.0,0
2026-05-09T19:51:35.548,82.0,1.0,0
2026-05-09T19:51:36.048,82.0,6.0,0
2026-05-09T19:51:36.549,82.0,7.0,0
2026-05-09T19:51:37.049,82.0,1.0,0
2026-05-09T19:51:37.550,82.0,1.0,0
2026-05-09T19:51:38.050,82.0,1.0,0
2026-05-09T19:51:38.551,82.0,1.0,0
2026-05-09T19:51:39.051,82.0,2.0,0
2026-05-09T19:51:39.551,82.0,2.0,0
2026-05-09T19:51:40.052,82.0,2.0,0
2026-05-09T19:51:40.552,82.0,1.0,0
2026-05-09T19:51:41.052,82.0,1.0,0
2026-05-09T19:51:41.553,82.0,1.0,0
2026-05-09T19:51:42.054,82.0,1.0,0
2026-05-09T19:51:42.554,82.0,2.0,0
2026-05-09T19:51:43.055,82.0,1.0,0
2026-05-09T19:51:43.555,82.0,2.0,0
2026-05-09T19:51:44.055,82.0,2.0,0
2026-05-09T19:51:44.556,82.0,2.0,0
2026-05-09T19:51:45.056,82.0,1.0,0
2026-05-09T19:51:45.556,82.0,1.0,0
2026-05-09T19:51:46.057,82.0,1.0,0
2026-05-09T19:51:46.557,82.0,1.0,0
2026-05-09T19:51:47.058,82.0,2.0,0
2026-05-09T19:51:47.558,82.0,2.0,0
2026-05-09T19:51:48.058,82.0,1.0,0
2026-05-09T19:51:48.559,82.0,2.0,0
2026-05-09T19:51:49.059,82.0,1.0,0
2026-05-09T19:51:49.560,82.0,2.0,0
2026-05-09T19:51:50.061,82.0,1.0,0
2026-05-09T19:51:50.561,82.0,2.0,0
2026-05-09T19:51:51.062,82.0,1.0,0
2026-05-09T19:51:51.562,82.0,1.0,0
2026-05-09T19:51:52.062,82.0,2.0,0
2026-05-09T19:51:52.563,82.0,2.0,0
2026-05-09T19:51:53.063,82.0,2.0,0
2026-05-09T19:51:53.563,82.0,5.0,0
2026-05-09T19:51:54.064,82.0,2.0,0
2026-05-09T19:51:54.564,82.0,3.0,0
2026-05-09T19:51:55.064,82.0,2.0,0
2026-05-09T19:51:55.564,82.0,2.0,0
2026-05-09T19:51:56.065,82.0,1.0,0
2026-05-09T19:51:56.565,82.0,1.0,0
2026-05-09T19:51:57.065,82.0,1.0,0
2026-05-09T19:51:57.565,82.0,2.0,0
2026-05-09T19:51:58.066,82.0,1.0,0
2026-05-09T19:51:58.566,82.0,1.0,0
2026-05-09T19:51:59.067,82.0,1.0,0
2026-05-09T19:51:59.568,82.0,1.0,0
2026-05-09T19:52:00.068,82.0,2.0,0
2026-05-09T19:52:00.568,82.0,3.0,0
2026-05-09T19:52:01.069,82.0,1.0,0
2026-05-09T19:52:01.569,82.0,2.0,0
2026-05-09T19:52:02.069,82.0,1.0,0
2026-05-09T19:52:02.570,82.0,1.0,0
2026-05-09T19:52:03.070,82.0,2.0,0
2026-05-09T19:52:03.571,82.0,2.0,0
2026-05-09T19:52:04.071,82.0,2.0,0
2026-05-09T19:52:04.571,82.0,2.0,0
2026-05-09T19:52:05.072,82.0,2.0,0
2026-05-09T19:52:05.572,82.0,2.0,0
2026-05-09T19:52:06.073,82.0,2.0,0
2026-05-09T19:52:06.573,82.0,2.0,0
2026-05-09T19:52:07.074,82.0,1.0,0
2026-05-09T19:52:07.574,82.0,1.0,0
2026-05-09T19:52:08.075,82.0,1.0,0
2026-05-09T19:52:08.575,82.0,3.0,0
2026-05-09T19:52:09.076,82.0,1.0,0
2026-05-09T19:52:09.576,82.0,2.0,0
2026-05-09T19:52:10.076,82.0,2.0,0
2026-05-09T19:52:10.577,82.0,2.0,0
2026-05-09T19:52:11.077,82.0,2.0,0
2026-05-09T19:52:11.577,82.0,1.0,0
2026-05-09T19:52:12.078,82.0,11.0,0
2026-05-09T19:52:12.578,82.0,1.0,0
2026-05-09T19:52:13.078,82.0,2.0,0
2026-05-09T19:52:13.579,82.0,2.0,0
2026-05-09T19:52:14.079,82.0,1.0,0
2026-05-09T19:52:14.579,82.0,2.0,0
2026-05-09T19:52:15.080,82.0,2.0,0
2026-05-09T19:52:15.580,82.0,2.0,0
2026-05-09T19:52:16.081,82.0,3.0,0
2026-05-09T19:52:16.582,82.0,1.0,0
2026-05-09T19:52:17.083,82.0,2.0,0
2026-05-09T19:52:17.583,82.0,1.0,0
2026-05-09T19:52:18.083,82.0,1.0,0
2026-05-09T19:52:18.584,82.0,1.0,0
2026-05-09T19:52:19.084,82.0,1.0,0
2026-05-09T19:52:19.585,82.0,4.0,0
2026-05-09T19:52:20.085,82.0,3.0,0
2026-05-09T19:52:20.585,82.0,1.0,0
2026-05-09T19:52:21.086,82.0,1.0,1
2026-05-09T19:52:21.586,82.0,2.0,1
2026-05-09T19:52:22.086,82.0,1.0,1
2026-05-09T19:52:22.587,82.0,1.0,1
2026-05-09T19:52:23.087,82.0,1.0,1
2026-05-09T19:52:23.587,82.0,1.0,0
2026-05-09T19:52:24.088,82.0,2.0,0
2026-05-09T19:52:24.588,82.0,2.0,0
2026-05-09T19:52:25.088,82.0,2.0,0
2026-05-09T19:52:25.589,82.0,1.0,1
2026-05-09T19:52:26.089,82.0,2.0,1
2026-05-09T19:52:26.589,82.0,2.0,1
2026-05-09T19:52:27.089,82.0,1.0,1
2026-05-09T19:52:27.590,82.0,1.0,1
2026-05-09T19:52:28.090,82.0,1.0,1
2026-05-09T19:52:28.591,82.0,4.0,1
2026-05-09T19:52:29.091,82.0,2.0,1
2026-05-09T19:52:29.591,82.0,1.0,1
2026-05-09T19:52:30.092,82.0,2.0,1
2026-05-09T19:52:30.592,82.0,2.0,1
2026-05-09T19:52:31.092,82.0,2.0,1
2026-05-09T19:52:31.593,82.0,2.0,1
2026-05-09T19:52:32.093,82.0,2.0,1
2026-05-09T19:52:32.593,82.0,1.0,1
2026-05-09T19:52:33.093,82.0,2.0,1
2026-05-09T19:52:33.594,82.0,2.0,1
2026-05-09T19:52:34.094,82.0,2.0,1
2026-05-09T19:52:34.594,82.0,1.0,1
2026-05-09T19:52:35.095,82.0,1.0,0
2026-05-09T19:52:35.595,82.0,2.0,0
2026-05-09T19:52:36.096,82.0,1.0,0
2026-05-09T19:52:36.596,82.0,1.0,0
2026-05-09T19:52:37.096,82.0,2.0,0
2026-05-09T19:52:37.597,82.0,1.0,0
2026-05-09T19:52:38.097,82.0,19.0,1
2026-05-09T19:52:38.597,82.0,2.0,1
2026-05-09T19:52:39.098,82.0,2.0,1
2026-05-09T19:52:39.598,82.0,2.0,1
2026-05-09T19:52:40.098,82.0,2.0,1
